,title,field,mukey,rotation,year,soybean_yield,maize_yield,corn_buac,soy_buac,soybean_biomass,maize_biomass,fertiliser,surfaceom_c_init,surfaceom_c_end,leach_no3
0,name_AccolaOneMo_mukey_2765537_rot_cfs_sim,AccolaOneMo,2765537,cfs,2019,0.0,0.0,0.0,0.0,0.0,769.30252,168.0,2966.65625,1.70286,90.10076000000001
1,name_AccolaOneMo_mukey_2800480_rot_cfs_sim,AccolaOneMo,2800480,cfs,2019,0.0,0.0,0.0,0.0,0.0,769.17761,168.0,2960.16602,1.69967,102.68693
2,name_AccolaOneMo_mukey_2835021_rot_cfs_sim,AccolaOneMo,2835021,cfs,2019,0.0,0.0,0.0,0.0,0.0,768.4724,168.0,2958.11548,1.6979,124.11867999999998
3,name_AccolaOneMo_mukey_2835194_rot_cfs_sim,AccolaOneMo,2835194,cfs,2019,0.0,0.0,0.0,0.0,0.0,768.69543,168.0,2967.08154,1.70236,131.09314999999998
4,name_AccolaOneMo_mukey_2922031_rot_cfs_sim,AccolaOneMo,2922031,cfs,2019,0.0,0.0,0.0,0.0,0.0,768.50424,168.0,2955.09863,1.69653,105.55826
5,name_AccolaOneMo_mukey_411333_rot_cfs_sim,AccolaOneMo,411333,cfs,2019,0.0,0.0,0.0,0.0,0.0,768.32991,168.0,2881.01685,1.663,149.85586
