,mukey,mean_leach
0,411333,122.94323999999999
1,2765537,58.575093333333335
2,2800480,74.82740333333334
3,2835021,103.29374666666666
4,2835194,106.98142833333333
5,2922031,84.56571333333333
